ID,Tipo,SKU,"GTIN, UPC, EAN o ISBN",Nombre,Publicado,"¬øEst√° destacado?","Visibilidad en el cat√°logo","Descripci√≥n corta",Descripci√≥n,"D√≠a en que empieza el precio rebajado","D√≠a en que termina el precio rebajado","Estado del impuesto","Clase de impuesto",¬øExistencias?,Inventario,"Cantidad de bajo inventario","¬øPermitir reservas de productos agotados?","¬øVendido individualmente?","Peso (kg)","Longitud (cm)","Anchura (cm)","Altura (cm)","¬øPermitir valoraciones de clientes?","Nota de compra","Precio rebajado","Precio normal",Categor√≠as,Etiquetas,"Clase de env√≠o",Im√°genes,"L√≠mite de descargas","D√≠as de caducidad de la descarga",Superior,"Productos agrupados","Ventas dirigidas","Ventas cruzadas","URL externa","Texto del bot√≥n",Posici√≥n,Marcas
500,simple,AJ-NVR108-W,,Ajax NVR 8 Canales Blanco,1,0,visible,"Grabador de videovigilancia NVR de 8 canales en blanco. Sistema profesional de grabaci√≥n para c√°maras IP Ajax.","<h2>Ajax NVR 8 Canales - Grabador de Videovigilancia Profesional (Blanco)</h2>
El <strong>NVR108</strong> es un grabador de red (Network Video Recorder) de 8 canales dise√±ado para sistemas de videovigilancia profesionales. Compatible con todas las c√°maras IP Ajax.

<h3>‚ú® Caracter√≠sticas Principales:</h3>
<ul>
<li><strong>8 Canales</strong>: Conecta hasta 8 c√°maras IP simult√°neamente</li>
<li><strong>Grabaci√≥n continua</strong>: Almacena video 24/7</li>
<li><strong>Acceso remoto</strong>: Visualizaci√≥n desde smartphone o PC</li>
<li><strong>Detecci√≥n de movimiento</strong>: Grabaci√≥n inteligente por eventos</li>
<li><strong>Alta compatibilidad</strong>: Funciona con c√°maras IP Ajax</li>
<li><strong>Almacenamiento ampliable</strong>: Soporte para disco duro (no incluido)</li>
</ul>

<h3>üîê Funciones de Seguridad:</h3>
<ul>
<li>Transmisi√≥n cifrada</li>
<li>M√∫ltiples niveles de usuario</li>
<li>Backup autom√°tico</li>
<li>Alertas de eventos</li>
</ul>

<h3>üìä Especificaciones T√©cnicas:</h3>
<ul>
<li><strong>Canales</strong>: 8 canales IP</li>
<li><strong>Resoluci√≥n m√°xima</strong>: 8MP (4K)</li>
<li><strong>Conectividad</strong>: Ethernet 10/100/1000 Mbps</li>
<li><strong>Almacenamiento</strong>: Bah√≠a para 1 HDD SATA (no incluido)</li>
<li><strong>Salida video</strong>: HDMI, VGA</li>
<li><strong>Alimentaci√≥n</strong>: 12V DC</li>
</ul>

<h3>üì¶ Contenido del Paquete:</h3>
<ul>
<li>NVR 8 canales</li>
<li>Adaptador de corriente</li>
<li>Cable HDMI</li>
<li>Kit de montaje</li>
<li>Manual de usuario</li>
</ul>

<em>Nota: Disco duro no incluido. Se recomienda HDD espec√≠fico para videovigilancia.</em>",,,taxable,,1,,,0,0,1.5,30,25,8,1,,,256,CCTV > Grabadores NVR,,,,,,,,,,,0,Ajax
501,simple,AJ-NVR108-B,,Ajax NVR 8 Canales Negro,1,0,visible,"Grabador de videovigilancia NVR de 8 canales en negro. Sistema profesional de grabaci√≥n para c√°maras IP Ajax.","<h2>Ajax NVR 8 Canales - Grabador de Videovigilancia Profesional (Negro)</h2>
El <strong>NVR108</strong> es un grabador de red (Network Video Recorder) de 8 canales dise√±ado para sistemas de videovigilancia profesionales. Compatible con todas las c√°maras IP Ajax.

<h3>‚ú® Caracter√≠sticas Principales:</h3>
<ul>
<li><strong>8 Canales</strong>: Conecta hasta 8 c√°maras IP simult√°neamente</li>
<li><strong>Grabaci√≥n continua</strong>: Almacena video 24/7</li>
<li><strong>Acceso remoto</strong>: Visualizaci√≥n desde smartphone o PC</li>
<li><strong>Detecci√≥n de movimiento</strong>: Grabaci√≥n inteligente por eventos</li>
<li><strong>Alta compatibilidad</strong>: Funciona con c√°maras IP Ajax</li>
<li><strong>Almacenamiento ampliable</strong>: Soporte para disco duro (no incluido)</li>
</ul>

<h3>üîê Funciones de Seguridad:</h3>
<ul>
<li>Transmisi√≥n cifrada</li>
<li>M√∫ltiples niveles de usuario</li>
<li>Backup autom√°tico</li>
<li>Alertas de eventos</li>
</ul>

<h3>üìä Especificaciones T√©cnicas:</h3>
<ul>
<li><strong>Canales</strong>: 8 canales IP</li>
<li><strong>Resoluci√≥n m√°xima</strong>: 8MP (4K)</li>
<li><strong>Conectividad</strong>: Ethernet 10/100/1000 Mbps</li>
<li><strong>Almacenamiento</strong>: Bah√≠a para 1 HDD SATA (no incluido)</li>
<li><strong>Salida video</strong>: HDMI, VGA</li>
<li><strong>Alimentaci√≥n</strong>: 12V DC</li>
</ul>

<h3>üì¶ Contenido del Paquete:</h3>
<ul>
<li>NVR 8 canales</li>
<li>Adaptador de corriente</li>
<li>Cable HDMI</li>
<li>Kit de montaje</li>
<li>Manual de usuario</li>
</ul>

<em>Nota: Disco duro no incluido. Se recomienda HDD espec√≠fico para videovigilancia.</em>",,,taxable,,1,,,0,0,1.5,30,25,8,1,,,256,CCTV > Grabadores NVR,,,,,,,,,,,0,Ajax
502,simple,AJ-NVR116-W,,Ajax NVR 16 Canales Blanco,1,0,visible,"Grabador de videovigilancia NVR de 16 canales en blanco. Sistema profesional de grabaci√≥n para instalaciones grandes.","<h2>Ajax NVR 16 Canales - Grabador de Videovigilancia Profesional (Blanco)</h2>
El <strong>NVR116</strong> es un grabador de red avanzado de 16 canales para sistemas de videovigilancia de mayor envergadura. Ideal para instalaciones comerciales y residenciales grandes.

<h3>‚ú® Caracter√≠sticas Principales:</h3>
<ul>
<li><strong>16 Canales</strong>: Conecta hasta 16 c√°maras IP simult√°neamente</li>
<li><strong>Alta capacidad</strong>: Para instalaciones profesionales</li>
<li><strong>Grabaci√≥n continua</strong>: Almacena video 24/7</li>
<li><strong>Acceso remoto</strong>: Visualizaci√≥n desde smartphone o PC</li>
<li><strong>Detecci√≥n de movimiento</strong>: Grabaci√≥n inteligente por eventos</li>
<li><strong>Mayor almacenamiento</strong>: Soporte para m√∫ltiples discos duros</li>
</ul>

<h3>üîê Funciones de Seguridad:</h3>
<ul>
<li>Transmisi√≥n cifrada</li>
<li>M√∫ltiples niveles de usuario</li>
<li>Backup autom√°tico</li>
<li>Alertas de eventos</li>
<li>Redundancia de grabaci√≥n</li>
</ul>

<h3>üìä Especificaciones T√©cnicas:</h3>
<ul>
<li><strong>Canales</strong>: 16 canales IP</li>
<li><strong>Resoluci√≥n m√°xima</strong>: 8MP (4K)</li>
<li><strong>Conectividad</strong>: Ethernet 10/100/1000 Mbps</li>
<li><strong>Almacenamiento</strong>: Bah√≠as para 2 HDD SATA (no incluidos)</li>
<li><strong>Salida video</strong>: HDMI, VGA</li>
<li><strong>Alimentaci√≥n</strong>: 12V DC</li>
</ul>

<h3>üì¶ Contenido del Paquete:</h3>
<ul>
<li>NVR 16 canales</li>
<li>Adaptador de corriente</li>
<li>Cable HDMI</li>
<li>Kit de montaje</li>
<li>Manual de usuario</li>
</ul>

<em>Nota: Discos duros no incluidos. Se recomienda HDD espec√≠fico para videovigilancia.</em>",,,taxable,,1,,,0,0,2,35,30,10,1,,,395,CCTV > Grabadores NVR,,,,,,,,,,,0,Ajax
503,simple,AJ-NVR116-B,,Ajax NVR 16 Canales Negro,1,0,visible,"Grabador de videovigilancia NVR de 16 canales en negro. Sistema profesional de grabaci√≥n para instalaciones grandes.","<h2>Ajax NVR 16 Canales - Grabador de Videovigilancia Profesional (Negro)</h2>
El <strong>NVR116</strong> es un grabador de red avanzado de 16 canales para sistemas de videovigilancia de mayor envergadura. Ideal para instalaciones comerciales y residenciales grandes.

<h3>‚ú® Caracter√≠sticas Principales:</h3>
<ul>
<li><strong>16 Canales</strong>: Conecta hasta 16 c√°maras IP simult√°neamente</li>
<li><strong>Alta capacidad</strong>: Para instalaciones profesionales</li>
<li><strong>Grabaci√≥n continua</strong>: Almacena video 24/7</li>
<li><strong>Acceso remoto</strong>: Visualizaci√≥n desde smartphone o PC</li>
<li><strong>Detecci√≥n de movimiento</strong>: Grabaci√≥n inteligente por eventos</li>
<li><strong>Mayor almacenamiento</strong>: Soporte para m√∫ltiples discos duros</li>
</ul>

<h3>üîê Funciones de Seguridad:</h3>
<ul>
<li>Transmisi√≥n cifrada</li>
<li>M√∫ltiples niveles de usuario</li>
<li>Backup autom√°tico</li>
<li>Alertas de eventos</li>
<li>Redundancia de grabaci√≥n</li>
</ul>

<h3>üìä Especificaciones T√©cnicas:</h3>
<ul>
<li><strong>Canales</strong>: 16 canales IP</li>
<li><strong>Resoluci√≥n m√°xima</strong>: 8MP (4K)</li>
<li><strong>Conectividad</strong>: Ethernet 10/100/1000 Mbps</li>
<li><strong>Almacenamiento</strong>: Bah√≠as para 2 HDD SATA (no incluidos)</li>
<li><strong>Salida video</strong>: HDMI, VGA</li>
<li><strong>Alimentaci√≥n</strong>: 12V DC</li>
</ul>

<h3>üì¶ Contenido del Paquete:</h3>
<ul>
<li>NVR 16 canales</li>
<li>Adaptador de corriente</li>
<li>Cable HDMI</li>
<li>Kit de montaje</li>
<li>Manual de usuario</li>
</ul>

<em>Nota: Discos duros no incluidos. Se recomienda HDD espec√≠fico para videovigilancia.</em>",,,taxable,,1,,,0,0,2,35,30,10,1,,,395,CCTV > Grabadores NVR,,,,,,,,,,,0,Ajax
600,variable,AJ-DOMECAM-MINI-5-2.8,,Ajax C√°mara Mini Domo 5MP Lente 2.8mm,1,0,visible,"C√°mara Mini Domo 5MP con lente 2.8mm. Disponible en blanco y negro.","<h2>Ajax C√°mara Mini Domo 5MP - Lente 2.8mm</h2>
C√°mara domo compacta de alta definici√≥n con resoluci√≥n 5 megap√≠xeles y lente angular 2.8mm, ideal para espacios interiores y vigilancia de √°rea amplia.

<h3>‚ú® Caracter√≠sticas Principales:</h3>
<ul>
<li><strong>Resoluci√≥n 5MP</strong>: Imagen n√≠tida de alta calidad</li>
<li><strong>Lente 2.8mm</strong>: √Ångulo de visi√≥n amplio (aprox. 90¬∞)</li>
<li><strong>Dise√±o compacto</strong>: Instalaci√≥n discreta tipo domo</li>
<li><strong>Visi√≥n nocturna</strong>: Infrarrojos para grabaci√≥n en oscuridad</li>
<li><strong>Resistente</strong>: Protecci√≥n IP67 contra polvo y agua</li>
</ul>

<h3>üìä Especificaciones:</h3>
<ul>
<li><strong>Resoluci√≥n</strong>: 5 Megap√≠xeles (2560√ó1920)</li>
<li><strong>Lente</strong>: 2.8mm fija</li>
<li><strong>√Ångulo visi√≥n</strong>: ~90¬∞ horizontal</li>
<li><strong>Iluminaci√≥n IR</strong>: Hasta 30m</li>
<li><strong>Compresi√≥n</strong>: H.265+/H.265/H.264</li>
<li><strong>Alimentaci√≥n</strong>: PoE (IEEE 802.3af) o 12V DC</li>
</ul>

<h3>üì¶ Contenido:</h3>
<ul>
<li>C√°mara Mini Domo</li>
<li>Kit de montaje</li>
<li>Manual de instalaci√≥n</li>
</ul>",,,taxable,,1,,,0,0,0.4,12,12,8,1,,,225,CCTV > C√°maras > Mini Domo,,,,,,,,,,,0,Ajax
601,variation,AJ-DOMECAM-MINI-5-W,,Ajax C√°mara Mini Domo 5MP Lente 2.8mm Blanco,1,0,visible,,,,,taxable,,1,,,0,0,0.4,12,12,8,1,,,225,CCTV > C√°maras > Mini Domo,,,,,,,,,,,"parent_id:600, attribute:pa_color:blanco",0,Ajax
602,variation,AJ-DOMECAM-MINI-5-B,,Ajax C√°mara Mini Domo 5MP Lente 2.8mm Negro,1,0,visible,,,,,taxable,,1,,,0,0,0.4,12,12,8,1,,,225,CCTV > C√°maras > Mini Domo,,,,,,,,,,,"parent_id:600, attribute:pa_color:negro",0,Ajax
603,variable,AJ-DOMECAM-MINI-8-2.8,,Ajax C√°mara Mini Domo 8MP Lente 2.8mm,1,0,visible,"C√°mara Mini Domo 8MP con lente 2.8mm. Disponible en blanco y negro.","<h2>Ajax C√°mara Mini Domo 8MP - Lente 2.8mm</h2>
C√°mara domo compacta de ultra alta definici√≥n con resoluci√≥n 8 megap√≠xeles (4K) y lente angular 2.8mm para m√°xima calidad de imagen.

<h3>‚ú® Caracter√≠sticas Principales:</h3>
<ul>
<li><strong>Resoluci√≥n 8MP (4K)</strong>: M√°xima calidad de imagen</li>
<li><strong>Lente 2.8mm</strong>: √Ångulo de visi√≥n amplio</li>
<li><strong>Dise√±o compacto</strong>: Mini domo discreto</li>
<li><strong>Visi√≥n nocturna</strong>: Infrarrojos avanzados</li>
<li><strong>Resistente</strong>: IP67</li>
</ul>

<h3>üìä Especificaciones:</h3>
<ul>
<li><strong>Resoluci√≥n</strong>: 8 Megap√≠xeles (3840√ó2160)</li>
<li><strong>Lente</strong>: 2.8mm fija</li>
<li><strong>Iluminaci√≥n IR</strong>: Hasta 30m</li>
<li><strong>Compresi√≥n</strong>: H.265+</li>
<li><strong>Alimentaci√≥n</strong>: PoE o 12V DC</li>
</ul>",,,taxable,,1,,,0,0,0.4,12,12,8,1,,,298,CCTV > C√°maras > Mini Domo,,,,,,,,,,,0,Ajax
604,variation,AJ-DOMECAM-MINI-8-W,,Ajax C√°mara Mini Domo 8MP Lente 2.8mm Blanco,1,0,visible,,,,,taxable,,1,,,0,0,0.4,12,12,8,1,,,298,CCTV > C√°maras > Mini Domo,,,,,,,,,,,"parent_id:603, attribute:pa_color:blanco",0,Ajax
605,variation,AJ-DOMECAM-MINI-8-B,,Ajax C√°mara Mini Domo 8MP Lente 2.8mm Negro,1,0,visible,,,,,taxable,,1,,,0,0,0.4,12,12,8,1,,,298,CCTV > C√°maras > Mini Domo,,,,,,,,,,,"parent_id:603, attribute:pa_color:negro",0,Ajax
610,variable,AJ-DOMECAM-MINI-5-4.0,,Ajax C√°mara Mini Domo 5MP Lente 4mm,1,0,visible,"C√°mara Mini Domo 5MP con lente 4mm para mayor alcance. Disponible en blanco y negro.","<h2>Ajax C√°mara Mini Domo 5MP - Lente 4mm</h2>
C√°mara domo compacta 5MP con lente 4mm, ideal para vigilancia de alcance medio con mayor zoom.

<h3>‚ú® Caracter√≠sticas Principales:</h3>
<ul>
<li><strong>Resoluci√≥n 5MP</strong>: Alta definici√≥n</li>
<li><strong>Lente 4mm</strong>: Mayor alcance y zoom</li>
<li><strong>Dise√±o compacto</strong>: Mini domo</li>
<li><strong>Visi√≥n nocturna IR</strong></li>
</ul>

<h3>üìä Especificaciones:</h3>
<ul>
<li><strong>Resoluci√≥n</strong>: 5MP</li>
<li><strong>Lente</strong>: 4mm fija</li>
<li><strong>Iluminaci√≥n IR</strong>: Hasta 30m</li>
<li><strong>Alimentaci√≥n</strong>: PoE o 12V DC</li>
</ul>",,,taxable,,1,,,0,0,0.4,12,12,8,1,,,225,CCTV > C√°maras > Mini Domo,,,,,,,,,,,0,Ajax
611,variation,AJ-DOMECAM-MINI-5-0400-W,,Ajax C√°mara Mini Domo 5MP Lente 4mm Blanco,1,0,visible,,,,,taxable,,1,,,0,0,0.4,12,12,8,1,,,225,CCTV > C√°maras > Mini Domo,,,,,,,,,,,"parent_id:610, attribute:pa_color:blanco",0,Ajax
612,variation,AJ-DOMECAM-MINI-5-0400-B,,Ajax C√°mara Mini Domo 5MP Lente 4mm Negro,1,0,visible,,,,,taxable,,1,,,0,0,0.4,12,12,8,1,,,225,CCTV > C√°maras > Mini Domo,,,,,,,,,,,"parent_id:610, attribute:pa_color:negro",0,Ajax
613,variable,AJ-DOMECAM-MINI-8-4.0,,Ajax C√°mara Mini Domo 8MP Lente 4mm,1,0,visible,"C√°mara Mini Domo 8MP con lente 4mm. Ultra alta definici√≥n con mayor alcance.","<h2>Ajax C√°mara Mini Domo 8MP - Lente 4mm</h2>
C√°mara domo 8MP (4K) con lente 4mm para m√°xima calidad y alcance medio-largo.

<h3>‚ú® Caracter√≠sticas:</h3>
<ul>
<li><strong>Resoluci√≥n 8MP (4K)</strong></li>
<li><strong>Lente 4mm</strong>: Mayor zoom</li>
<li><strong>Visi√≥n nocturna IR</strong></li>
</ul>

<h3>üìä Especificaciones:</h3>
<ul>
<li><strong>Resoluci√≥n</strong>: 8MP</li>
<li><strong>Lente</strong>: 4mm</li>
<li><strong>Alimentaci√≥n</strong>: PoE</li>
</ul>",,,taxable,,1,,,0,0,0.4,12,12,8,1,,,298,CCTV > C√°maras > Mini Domo,,,,,,,,,,,0,Ajax
614,variation,AJ-DOMECAM-MINI-8-0400-W,,Ajax C√°mara Mini Domo 8MP Lente 4mm Blanco,1,0,visible,,,,,taxable,,1,,,0,0,0.4,12,12,8,1,,,298,CCTV > C√°maras > Mini Domo,,,,,,,,,,,"parent_id:613, attribute:pa_color:blanco",0,Ajax
615,variation,AJ-DOMECAM-MINI-8-0400-B,,Ajax C√°mara Mini Domo 8MP Lente 4mm Negro,1,0,visible,,,,,taxable,,1,,,0,0,0.4,12,12,8,1,,,298,CCTV > C√°maras > Mini Domo,,,,,,,,,,,"parent_id:613, attribute:pa_color:negro",0,Ajax
620,variable,AJ-DOMECAM-MINI-5-HL-2.8,,Ajax C√°mara Mini Domo 5MP LED Blanco Lente 2.8mm,1,0,visible,"C√°mara Mini Domo 5MP con LED blanco integrado, lente 2.8mm. Imagen a color nocturna.","<h2>Ajax C√°mara Mini Domo 5MP con LED Blanco - Lente 2.8mm</h2>
C√°mara domo 5MP con iluminaci√≥n LED blanca para imagen a color incluso de noche.

<h3>‚ú® Caracter√≠sticas:</h3>
<ul>
<li><strong>Resoluci√≥n 5MP</strong></li>
<li><strong>LED Blanco</strong>: Imagen a color nocturna</li>
<li><strong>Lente 2.8mm</strong></li>
</ul>

<h3>üìä Especificaciones:</h3>
<ul>
<li><strong>Resoluci√≥n</strong>: 5MP</li>
<li><strong>Lente</strong>: 2.8mm</li>
<li><strong>Iluminaci√≥n</strong>: LED blanco</li>
</ul>",,,taxable,,1,,,0,0,0.4,12,12,8,1,,,232,CCTV > C√°maras > Mini Domo,,,,,,,,,,,0,Ajax
621,variation,AJ-DOMECAM-MINI-5-HL-W,,Ajax C√°mara Mini Domo 5MP LED Blanco 2.8mm Blanco,1,0,visible,,,,,taxable,,1,,,0,0,0.4,12,12,8,1,,,232,CCTV > C√°maras > Mini Domo,,,,,,,,,,,"parent_id:620, attribute:pa_color:blanco",0,Ajax
622,variation,AJ-DOMECAM-MINI-5-HL-B,,Ajax C√°mara Mini Domo 5MP LED Blanco 2.8mm Negro,1,0,visible,,,,,taxable,,1,,,0,0,0.4,12,12,8,1,,,232,CCTV > C√°maras > Mini Domo,,,,,,,,,,,"parent_id:620, attribute:pa_color:negro",0,Ajax
623,variable,AJ-DOMECAM-MINI-8-HL-2.8,,Ajax C√°mara Mini Domo 8MP LED Blanco Lente 2.8mm,1,0,visible,"C√°mara Mini Domo 8MP (4K) con LED blanco, lente 2.8mm. M√°xima calidad con color nocturno.","<h2>Ajax C√°mara Mini Domo 8MP con LED Blanco - Lente 2.8mm</h2>
C√°mara domo 8MP (4K) con LED blanco para imagen a color nocturna de m√°xima calidad.

<h3>‚ú® Caracter√≠sticas:</h3>
<ul>
<li><strong>Resoluci√≥n 8MP (4K)</strong></li>
<li><strong>LED Blanco</strong>: Color nocturno</li>
<li><strong>Lente 2.8mm</strong></li>
</ul>",,,taxable,,1,,,0,0,0.4,12,12,8,1,,,310,CCTV > C√°maras > Mini Domo,,,,,,,,,,,0,Ajax
624,variation,AJ-DOMECAM-MINI-8-HL-W,,Ajax C√°mara Mini Domo 8MP LED Blanco 2.8mm Blanco,1,0,visible,,,,,taxable,,1,,,0,0,0.4,12,12,8,1,,,310,CCTV > C√°maras > Mini Domo,,,,,,,,,,,"parent_id:623, attribute:pa_color:blanco",0,Ajax
625,variation,AJ-DOMECAM-MINI-8-HL-B,,Ajax C√°mara Mini Domo 8MP LED Blanco 2.8mm Negro,1,0,visible,,,,,taxable,,1,,,0,0,0.4,12,12,8,1,,,310,CCTV > C√°maras > Mini Domo,,,,,,,,,,,"parent_id:623, attribute:pa_color:negro",0,Ajax
630,variable,AJ-DOMECAM-MINI-5-HL-4.0,,Ajax C√°mara Mini Domo 5MP LED Blanco Lente 4mm,1,0,visible,"C√°mara Mini Domo 5MP con LED blanco, lente 4mm. Color nocturno con mayor alcance.","<h2>Ajax C√°mara Mini Domo 5MP con LED Blanco - Lente 4mm</h2>
C√°mara domo 5MP con LED blanco y lente 4mm para mayor alcance con color nocturno.

<h3>‚ú® Caracter√≠sticas:</h3>
<ul>
<li><strong>Resoluci√≥n 5MP</strong></li>
<li><strong>LED Blanco</strong></li>
<li><strong>Lente 4mm</strong>: Mayor alcance</li>
</ul>",,,taxable,,1,,,0,0,0.4,12,12,8,1,,,232,CCTV > C√°maras > Mini Domo,,,,,,,,,,,0,Ajax
631,variation,AJ-DOMECAM-MINI-5-0400-HL-W,,Ajax C√°mara Mini Domo 5MP LED Blanco 4mm Blanco,1,0,visible,,,,,taxable,,1,,,0,0,0.4,12,12,8,1,,,232,CCTV > C√°maras > Mini Domo,,,,,,,,,,,"parent_id:630, attribute:pa_color:blanco",0,Ajax
632,variation,AJ-DOMECAM-MINI-5-0400-HL-B,,Ajax C√°mara Mini Domo 5MP LED Blanco 4mm Negro,1,0,visible,,,,,taxable,,1,,,0,0,0.4,12,12,8,1,,,232,CCTV > C√°maras > Mini Domo,,,,,,,,,,,"parent_id:630, attribute:pa_color:negro",0,Ajax
633,variable,AJ-DOMECAM-MINI-8-HL-4.0,,Ajax C√°mara Mini Domo 8MP LED Blanco Lente 4mm,1,0,visible,"C√°mara Mini Domo 8MP (4K) con LED blanco, lente 4mm. M√°xima calidad y alcance con color nocturno.","<h2>Ajax C√°mara Mini Domo 8MP con LED Blanco - Lente 4mm</h2>
C√°mara domo 8MP (4K) con LED blanco y lente 4mm. M√°xima calidad con alcance extendido y color nocturno.

<h3>‚ú® Caracter√≠sticas:</h3>
<ul>
<li><strong>Resoluci√≥n 8MP (4K)</strong></li>
<li><strong>LED Blanco</strong></li>
<li><strong>Lente 4mm</strong></li>
</ul>",,,taxable,,1,,,0,0,0.4,12,12,8,1,,,310,CCTV > C√°maras > Mini Domo,,,,,,,,,,,0,Ajax
634,variation,AJ-DOMECAM-MINI-8-0400-HL-W,,Ajax C√°mara Mini Domo 8MP LED Blanco 4mm Blanco,1,0,visible,,,,,taxable,,1,,,0,0,0.4,12,12,8,1,,,310,CCTV > C√°maras > Mini Domo,,,,,,,,,,,"parent_id:633, attribute:pa_color:blanco",0,Ajax
635,variation,AJ-DOMECAM-MINI-8-0400-HL-B,,Ajax C√°mara Mini Domo 8MP LED Blanco 4mm Negro,1,0,visible,,,,,taxable,,1,,,0,0,0.4,12,12,8,1,,,310,CCTV > C√°maras > Mini Domo,,,,,,,,,,,"parent_id:633, attribute:pa_color:negro",0,Ajax
700,simple,AJ-TURRETCAM-8-W,,Ajax C√°mara Turret 8MP Lente 2.8mm Blanco,1,0,visible,"C√°mara tipo Turret 8MP con lente 2.8mm en blanco. Dise√±o vers√°til para interior y exterior.","<h2>Ajax C√°mara Turret 8MP - Lente 2.8mm (Blanco)</h2>
C√°mara tipo turret de 8 megap√≠xeles con dise√±o vers√°til que combina ventajas de domos y bullets.

<h3>‚ú® Caracter√≠sticas:</h3>
<ul>
<li><strong>Resoluci√≥n 8MP (4K)</strong></li>
<li><strong>Lente 2.8mm</strong>: √Ångulo amplio</li>
<li><strong>Dise√±o Turret</strong>: F√°cil ajuste direccional</li>
<li><strong>Visi√≥n nocturna IR</strong></li>
<li><strong>IP67</strong>: Interior/Exterior</li>
</ul>

<h3>üìä Especificaciones:</h3>
<ul>
<li><strong>Resoluci√≥n</strong>: 8MP (3840√ó2160)</li>
<li><strong>Lente</strong>: 2.8mm fija</li>
<li><strong>Iluminaci√≥n IR</strong>: Hasta 30m</li>
<li><strong>Compresi√≥n</strong>: H.265+</li>
<li><strong>Alimentaci√≥n</strong>: PoE</li>
</ul>",,,taxable,,1,,,0,0,0.5,13,13,10,1,,,TBD,CCTV > C√°maras > Turret,,,,,,,,,,,0,Ajax
701,simple,AJ-TURRETCAM-8-0400-W,,Ajax C√°mara Turret 8MP Lente 4mm Blanco,1,0,visible,"C√°mara tipo Turret 8MP con lente 4mm en blanco. Mayor alcance para vigilancia espec√≠fica.","<h2>Ajax C√°mara Turret 8MP - Lente 4mm (Blanco)</h2>
C√°mara turret 8MP con lente 4mm para vigilancia de alcance medio con m√°xima calidad.

<h3>‚ú® Caracter√≠sticas:</h3>
<ul>
<li><strong>Resoluci√≥n 8MP (4K)</strong></li>
<li><strong>Lente 4mm</strong>: Mayor alcance</li>
<li><strong>Dise√±o Turret</strong></li>
<li><strong>Visi√≥n nocturna IR</strong></li>
<li><strong>IP67</strong></li>
</ul>

<h3>üìä Especificaciones:</h3>
<ul>
<li><strong>Resoluci√≥n</strong>: 8MP</li>
<li><strong>Lente</strong>: 4mm</li>
<li><strong>Iluminaci√≥n IR</strong>: 30m</li>
<li><strong>Alimentaci√≥n</strong>: PoE</li>
</ul>",,,taxable,,1,,,0,0,0.5,13,13,10,1,,,TBD,CCTV > C√°maras > Turret,,,,,,,,,,,0,Ajax
800,variable,AJ-BULLETCAM-5-0400,,Ajax C√°mara Bullet 5MP Lente 4mm,1,0,visible,"C√°mara tipo Bullet 5MP con lente 4mm. Dise√±o cil√≠ndrico para exterior.","<h2>Ajax C√°mara Bullet 5MP - Lente 4mm</h2>
C√°mara bullet de 5 megap√≠xeles con dise√±o cil√≠ndrico cl√°sico, ideal para exteriores.

<h3>‚ú® Caracter√≠sticas:</h3>
<ul>
<li><strong>Resoluci√≥n 5MP</strong></li>
<li><strong>Lente 4mm</strong></li>
<li><strong>Dise√±o Bullet</strong>: Efecto disuasorio</li>
<li><strong>Visi√≥n nocturna IR</strong></li>
<li><strong>IP67</strong>: Resistente intemperie</li>
</ul>

<h3>üìä Especificaciones:</h3>
<ul>
<li><strong>Resoluci√≥n</strong>: 5MP</li>
<li><strong>Lente</strong>: 4mm</li>
<li><strong>IR</strong>: 30m</li>
<li><strong>Alimentaci√≥n</strong>: PoE</li>
</ul>",,,taxable,,1,,,0,0,0.6,18,8,8,1,,,225,CCTV > C√°maras > Bullet,,,,,,,,,,,0,Ajax
801,variation,AJ-BULLETCAM-5-0400-W,,Ajax C√°mara Bullet 5MP Lente 4mm Blanco,1,0,visible,,,,,taxable,,1,,,0,0,0.6,18,8,8,1,,,225,CCTV > C√°maras > Bullet,,,,,,,,,,,"parent_id:800, attribute:pa_color:blanco",0,Ajax
802,variation,AJ-BULLETCAM-5-0400-B,,Ajax C√°mara Bullet 5MP Lente 4mm Negro,1,0,visible,,,,,taxable,,1,,,0,0,0.6,18,8,8,1,,,225,CCTV > C√°maras > Bullet,,,,,,,,,,,"parent_id:800, attribute:pa_color:negro",0,Ajax
803,variable,AJ-BULLETCAM-8-0400,,Ajax C√°mara Bullet 8MP Lente 4mm,1,0,visible,"C√°mara tipo Bullet 8MP (4K) con lente 4mm. M√°xima calidad para exterior.","<h2>Ajax C√°mara Bullet 8MP - Lente 4mm</h2>
C√°mara bullet de 8 megap√≠xeles (4K) con lente 4mm para vigilancia exterior de m√°xima calidad.

<h3>‚ú® Caracter√≠sticas:</h3>
<ul>
<li><strong>Resoluci√≥n 8MP (4K)</strong></li>
<li><strong>Lente 4mm</strong></li>
<li><strong>Dise√±o Bullet</strong></li>
<li><strong>IR avanzado</strong></li>
<li><strong>IP67</strong></li>
</ul>",,,taxable,,1,,,0,0,0.6,18,8,8,1,,,298,CCTV > C√°maras > Bullet,,,,,,,,,,,0,Ajax
804,variation,AJ-BULLETCAM-8-0400-W,,Ajax C√°mara Bullet 8MP Lente 4mm Blanco,1,0,visible,,,,,taxable,,1,,,0,0,0.6,18,8,8,1,,,298,CCTV > C√°maras > Bullet,,,,,,,,,,,"parent_id:803, attribute:pa_color:blanco",0,Ajax
805,variation,AJ-BULLETCAM-8-0400-B,,Ajax C√°mara Bullet 8MP Lente 4mm Negro,1,0,visible,,,,,taxable,,1,,,0,0,0.6,18,8,8,1,,,298,CCTV > C√°maras > Bullet,,,,,,,,,,,"parent_id:803, attribute:pa_color:negro",0,Ajax
806,variable,AJ-BULLETCAM-8-2.8,,Ajax C√°mara Bullet 8MP Lente 2.8mm,1,0,visible,"C√°mara tipo Bullet 8MP con lente 2.8mm. √Ångulo amplio para cobertura extensa.","<h2>Ajax C√°mara Bullet 8MP - Lente 2.8mm</h2>
C√°mara bullet 8MP con lente angular 2.8mm para m√°xima cobertura en espacios amplios.

<h3>‚ú® Caracter√≠sticas:</h3>
<ul>
<li><strong>Resoluci√≥n 8MP (4K)</strong></li>
<li><strong>Lente 2.8mm</strong>: √Ångulo amplio</li>
<li><strong>Dise√±o Bullet</strong></li>
<li><strong>IR avanzado</strong></li>
</ul>",,,taxable,,1,,,0,0,0.6,18,8,8,1,,,298,CCTV > C√°maras > Bullet,,,,,,,,,,,0,Ajax
807,variation,AJ-BULLETCAM-8-W,,Ajax C√°mara Bullet 8MP Lente 2.8mm Blanco,1,0,visible,,,,,taxable,,1,,,0,0,0.6,18,8,8,1,,,298,CCTV > C√°maras > Bullet,,,,,,,,,,,"parent_id:806, attribute:pa_color:blanco",0,Ajax
808,variation,AJ-BULLETCAM-8-B,,Ajax C√°mara Bullet 8MP Lente 2.8mm Negro,1,0,visible,,,,,taxable,,1,,,0,0,0.6,18,8,8,1,,,298,CCTV > C√°maras > Bullet,,,,,,,,,,,"parent_id:806, attribute:pa_color:negro",0,Ajax
